{"chunks":[{"blocks":[{"x":0,"y":4,"z":0,"type":"CONCRETE"},{"x":0,"y":0,"z":0,"type":"GRASS"},{"x":0,"y":4,"z":4,"type":"CONCRETE"},{"x":0,"y":0,"z":4,"type":"GRASS"},{"x":0,"y":4,"z":8,"type":"CONCRETE"},{"x":0,"y":0,"z":8,"type":"GRASS"},{"x":0,"y":4,"z":12,"type":"CONCRETE"},{"x":0,"y":0,"z":12,"type":"GRASS"},{"x":0,"y":4,"z":16,"type":"CONCRETE"},{"x":0,"y":0,"z":16,"type":"GRASS"},{"x":0,"y":4,"z":20,"type":"CONCRETE"},{"x":0,"y":0,"z":20,"type":"GRASS"},{"x":0,"y":4,"z":24,"type":"CONCRETE"},{"x":0,"y":0,"z":24,"type":"GRASS"},{"x":0,"y":4,"z":28,"type":"CONCRETE"},{"x":0,"y":0,"z":28,"type":"GRASS"},{"x":0,"y":4,"z":32,"type":"CONCRETE"},{"x":0,"y":0,"z":32,"type":"GRASS"},{"x":0,"y":4,"z":36,"type":"CONCRETE"},{"x":0,"y":0,"z":36,"type":"GRASS"},{"x":0,"y":4,"z":40,"type":"CONCRETE"},{"x":0,"y":0,"z":40,"type":"GRASS"},{"x":0,"y":4,"z":44,"type":"CONCRETE"},{"x":0,"y":0,"z":44,"type":"GRASS"},{"x":0,"y":4,"z":48,"type":"CONCRETE"},{"x":0,"y":0,"z":48,"type":"GRASS"},{"x":0,"y":4,"z":52,"type":"CONCRETE"},{"x":0,"y":0,"z":52,"type":"GRASS"},{"x":0,"y":4,"z":56,"type":"CONCRETE"},{"x":0,"y":0,"z":56,"type":"GRASS"},{"x":0,"y":4,"z":60,"type":"CONCRETE"},{"x":0,"y":0,"z":60,"type":"GRASS"},{"x":4,"y":4,"z":0,"type":"CONCRETE"},{"x":4,"y":0,"z":0,"type":"GRASS"},{"x":4,"y":0,"z":4,"type":"GRASS"},{"x":4,"y":0,"z":8,"type":"GRASS"},{"x":4,"y":0,"z":12,"type":"GRASS"},{"x":4,"y":0,"z":16,"type":"GRASS"},{"x":4,"y":0,"z":20,"type":"GRASS"},{"x":4,"y":0,"z":24,"type":"GRASS"},{"x":4,"y":0,"z":28,"type":"GRASS"},{"x":4,"y":0,"z":32,"type":"GRASS"},{"x":4,"y":0,"z":36,"type":"GRASS"},{"x":4,"y":0,"z":40,"type":"GRASS"},{"x":4,"y":0,"z":44,"type":"GRASS"},{"x":4,"y":0,"z":48,"type":"GRASS"},{"x":4,"y":0,"z":52,"type":"GRASS"},{"x":4,"y":0,"z":56,"type":"GRASS"},{"x":4,"y":0,"z":60,"type":"GRASS"},{"x":8,"y":4,"z":0,"type":"CONCRETE"},{"x":8,"y":0,"z":0,"type":"GRASS"},{"x":8,"y":0,"z":4,"type":"GRASS"},{"x":8,"y":0,"z":8,"type":"GRASS"},{"x":8,"y":0,"z":12,"type":"GRASS"},{"x":8,"y":0,"z":16,"type":"GRASS"},{"x":8,"y":0,"z":20,"type":"GRASS"},{"x":8,"y":0,"z":24,"type":"GRASS"},{"x":8,"y":0,"z":28,"type":"GRASS"},{"x":8,"y":0,"z":32,"type":"GRASS"},{"x":8,"y":0,"z":36,"type":"GRASS"},{"x":8,"y":0,"z":40,"type":"GRASS"},{"x":8,"y":0,"z":44,"type":"GRASS"},{"x":8,"y":0,"z":48,"type":"GRASS"},{"x":8,"y":0,"z":52,"type":"GRASS"},{"x":8,"y":0,"z":56,"type":"GRASS"},{"x":8,"y":0,"z":60,"type":"GRASS"},{"x":12,"y":4,"z":0,"type":"CONCRETE"},{"x":12,"y":0,"z":0,"type":"GRASS"},{"x":12,"y":0,"z":4,"type":"GRASS"},{"x":12,"y":0,"z":8,"type":"GRASS"},{"x":12,"y":0,"z":12,"type":"GRASS"},{"x":12,"y":0,"z":16,"type":"GRASS"},{"x":12,"y":0,"z":20,"type":"GRASS"},{"x":12,"y":0,"z":24,"type":"GRASS"},{"x":12,"y":0,"z":28,"type":"GRASS"},{"x":12,"y":0,"z":32,"type":"GRASS"},{"x":12,"y":0,"z":36,"type":"GRASS"},{"x":12,"y":0,"z":40,"type":"GRASS"},{"x":12,"y":0,"z":44,"type":"GRASS"},{"x":12,"y":0,"z":48,"type":"GRASS"},{"x":12,"y":0,"z":52,"type":"GRASS"},{"x":12,"y":0,"z":56,"type":"GRASS"},{"x":12,"y":0,"z":60,"type":"GRASS"},{"x":16,"y":4,"z":0,"type":"CONCRETE"},{"x":16,"y":0,"z":0,"type":"GRASS"},{"x":16,"y":0,"z":4,"type":"GRASS"},{"x":16,"y":0,"z":8,"type":"GRASS"},{"x":16,"y":0,"z":12,"type":"GRASS"},{"x":16,"y":0,"z":16,"type":"GRASS"},{"x":16,"y":0,"z":20,"type":"GRASS"},{"x":16,"y":0,"z":24,"type":"GRASS"},{"x":16,"y":0,"z":28,"type":"GRASS"},{"x":16,"y":0,"z":32,"type":"GRASS"},{"x":16,"y":0,"z":36,"type":"GRASS"},{"x":16,"y":0,"z":40,"type":"GRASS"},{"x":16,"y":0,"z":44,"type":"GRASS"},{"x":16,"y":0,"z":48,"type":"GRASS"},{"x":16,"y":0,"z":52,"type":"GRASS"},{"x":16,"y":0,"z":56,"type":"GRASS"},{"x":16,"y":0,"z":60,"type":"GRASS"},{"x":20,"y":4,"z":0,"type":"CONCRETE"},{"x":20,"y":0,"z":0,"type":"GRASS"},{"x":20,"y":0,"z":4,"type":"GRASS"},{"x":20,"y":0,"z":8,"type":"GRASS"},{"x":20,"y":0,"z":12,"type":"GRASS"},{"x":20,"y":0,"z":16,"type":"GRASS"},{"x":20,"y":0,"z":20,"type":"GRASS"},{"x":20,"y":0,"z":24,"type":"GRASS"},{"x":20,"y":0,"z":28,"type":"GRASS"},{"x":20,"y":0,"z":32,"type":"GRASS"},{"x":20,"y":0,"z":36,"type":"GRASS"},{"x":20,"y":0,"z":40,"type":"GRASS"},{"x":20,"y":0,"z":44,"type":"GRASS"},{"x":20,"y":0,"z":48,"type":"GRASS"},{"x":20,"y":0,"z":52,"type":"GRASS"},{"x":20,"y":0,"z":56,"type":"GRASS"},{"x":20,"y":0,"z":60,"type":"GRASS"},{"x":24,"y":4,"z":0,"type":"CONCRETE"},{"x":24,"y":0,"z":0,"type":"GRASS"},{"x":24,"y":0,"z":4,"type":"GRASS"},{"x":24,"y":0,"z":8,"type":"GRASS"},{"x":24,"y":0,"z":12,"type":"GRASS"},{"x":24,"y":0,"z":16,"type":"GRASS"},{"x":24,"y":0,"z":20,"type":"GRASS"},{"x":24,"y":0,"z":24,"type":"GRASS"},{"x":24,"y":0,"z":28,"type":"GRASS"},{"x":24,"y":0,"z":32,"type":"GRASS"},{"x":24,"y":0,"z":36,"type":"GRASS"},{"x":24,"y":0,"z":40,"type":"GRASS"},{"x":24,"y":0,"z":44,"type":"GRASS"},{"x":24,"y":0,"z":48,"type":"GRASS"},{"x":24,"y":0,"z":52,"type":"GRASS"},{"x":24,"y":0,"z":56,"type":"GRASS"},{"x":24,"y":0,"z":60,"type":"GRASS"},{"x":28,"y":4,"z":0,"type":"CONCRETE"},{"x":28,"y":0,"z":0,"type":"GRASS"},{"x":28,"y":0,"z":4,"type":"GRASS"},{"x":28,"y":0,"z":8,"type":"GRASS"},{"x":28,"y":0,"z":12,"type":"GRASS"},{"x":28,"y":0,"z":16,"type":"GRASS"},{"x":28,"y":0,"z":20,"type":"GRASS"},{"x":28,"y":0,"z":24,"type":"GRASS"},{"x":28,"y":0,"z":28,"type":"GRASS"},{"x":28,"y":0,"z":32,"type":"GRASS"},{"x":28,"y":0,"z":36,"type":"GRASS"},{"x":28,"y":0,"z":40,"type":"GRASS"},{"x":28,"y":0,"z":44,"type":"GRASS"},{"x":28,"y":0,"z":48,"type":"GRASS"},{"x":28,"y":0,"z":52,"type":"GRASS"},{"x":28,"y":0,"z":56,"type":"GRASS"},{"x":28,"y":0,"z":60,"type":"GRASS"},{"x":32,"y":4,"z":0,"type":"CONCRETE"},{"x":32,"y":0,"z":0,"type":"GRASS"},{"x":32,"y":0,"z":4,"type":"GRASS"},{"x":32,"y":0,"z":8,"type":"GRASS"},{"x":32,"y":0,"z":12,"type":"GRASS"},{"x":32,"y":0,"z":16,"type":"GRASS"},{"x":32,"y":0,"z":20,"type":"GRASS"},{"x":32,"y":0,"z":24,"type":"GRASS"},{"x":32,"y":0,"z":28,"type":"GRASS"},{"x":32,"y":0,"z":32,"type":"GRASS"},{"x":32,"y":0,"z":36,"type":"GRASS"},{"x":32,"y":0,"z":40,"type":"GRASS"},{"x":32,"y":0,"z":44,"type":"GRASS"},{"x":32,"y":0,"z":48,"type":"GRASS"},{"x":32,"y":0,"z":52,"type":"GRASS"},{"x":32,"y":0,"z":56,"type":"GRASS"},{"x":32,"y":0,"z":60,"type":"GRASS"},{"x":36,"y":4,"z":0,"type":"CONCRETE"},{"x":36,"y":0,"z":0,"type":"GRASS"},{"x":36,"y":0,"z":4,"type":"GRASS"},{"x":36,"y":0,"z":8,"type":"GRASS"},{"x":36,"y":0,"z":12,"type":"GRASS"},{"x":36,"y":0,"z":16,"type":"GRASS"},{"x":36,"y":0,"z":20,"type":"GRASS"},{"x":36,"y":0,"z":24,"type":"GRASS"},{"x":36,"y":0,"z":28,"type":"GRASS"},{"x":36,"y":0,"z":32,"type":"GRASS"},{"x":36,"y":0,"z":36,"type":"GRASS"},{"x":36,"y":0,"z":40,"type":"GRASS"},{"x":36,"y":0,"z":44,"type":"GRASS"},{"x":36,"y":0,"z":48,"type":"GRASS"},{"x":36,"y":0,"z":52,"type":"GRASS"},{"x":36,"y":0,"z":56,"type":"GRASS"},{"x":36,"y":0,"z":60,"type":"GRASS"},{"x":40,"y":4,"z":0,"type":"CONCRETE"},{"x":40,"y":0,"z":0,"type":"GRASS"},{"x":40,"y":0,"z":4,"type":"GRASS"},{"x":40,"y":0,"z":8,"type":"GRASS"},{"x":40,"y":0,"z":12,"type":"GRASS"},{"x":40,"y":0,"z":16,"type":"GRASS"},{"x":40,"y":0,"z":20,"type":"GRASS"},{"x":40,"y":0,"z":24,"type":"GRASS"},{"x":40,"y":0,"z":28,"type":"GRASS"},{"x":40,"y":0,"z":32,"type":"GRASS"},{"x":40,"y":0,"z":36,"type":"GRASS"},{"x":40,"y":0,"z":40,"type":"GRASS"},{"x":40,"y":0,"z":44,"type":"GRASS"},{"x":40,"y":0,"z":48,"type":"GRASS"},{"x":40,"y":0,"z":52,"type":"GRASS"},{"x":40,"y":0,"z":56,"type":"GRASS"},{"x":40,"y":0,"z":60,"type":"GRASS"},{"x":44,"y":4,"z":0,"type":"CONCRETE"},{"x":44,"y":0,"z":0,"type":"GRASS"},{"x":44,"y":0,"z":4,"type":"GRASS"},{"x":44,"y":0,"z":8,"type":"GRASS"},{"x":44,"y":0,"z":12,"type":"GRASS"},{"x":44,"y":0,"z":16,"type":"GRASS"},{"x":44,"y":0,"z":20,"type":"GRASS"},{"x":44,"y":0,"z":24,"type":"GRASS"},{"x":44,"y":0,"z":28,"type":"GRASS"},{"x":44,"y":0,"z":32,"type":"GRASS"},{"x":44,"y":0,"z":36,"type":"GRASS"},{"x":44,"y":0,"z":40,"type":"GRASS"},{"x":44,"y":0,"z":44,"type":"GRASS"},{"x":44,"y":0,"z":48,"type":"GRASS"},{"x":44,"y":0,"z":52,"type":"GRASS"},{"x":44,"y":0,"z":56,"type":"GRASS"},{"x":44,"y":0,"z":60,"type":"GRASS"},{"x":48,"y":4,"z":0,"type":"CONCRETE"},{"x":48,"y":0,"z":0,"type":"GRASS"},{"x":48,"y":0,"z":4,"type":"GRASS"},{"x":48,"y":0,"z":8,"type":"GRASS"},{"x":48,"y":0,"z":12,"type":"GRASS"},{"x":48,"y":0,"z":16,"type":"GRASS"},{"x":48,"y":0,"z":20,"type":"GRASS"},{"x":48,"y":0,"z":24,"type":"GRASS"},{"x":48,"y":0,"z":28,"type":"GRASS"},{"x":48,"y":0,"z":32,"type":"GRASS"},{"x":48,"y":0,"z":36,"type":"GRASS"},{"x":48,"y":0,"z":40,"type":"GRASS"},{"x":48,"y":0,"z":44,"type":"GRASS"},{"x":48,"y":0,"z":48,"type":"GRASS"},{"x":48,"y":0,"z":52,"type":"GRASS"},{"x":48,"y":0,"z":56,"type":"GRASS"},{"x":48,"y":0,"z":60,"type":"GRASS"},{"x":52,"y":4,"z":0,"type":"CONCRETE"},{"x":52,"y":0,"z":0,"type":"GRASS"},{"x":52,"y":0,"z":4,"type":"GRASS"},{"x":52,"y":0,"z":8,"type":"GRASS"},{"x":52,"y":0,"z":12,"type":"GRASS"},{"x":52,"y":0,"z":16,"type":"GRASS"},{"x":52,"y":0,"z":20,"type":"GRASS"},{"x":52,"y":0,"z":24,"type":"GRASS"},{"x":52,"y":0,"z":28,"type":"GRASS"},{"x":52,"y":4,"z":32,"type":"CONCRETE"},{"x":52,"y":0,"z":32,"type":"GRASS"},{"x":52,"y":4,"z":36,"type":"CONCRETE"},{"x":52,"y":0,"z":36,"type":"GRASS"},{"x":52,"y":0,"z":40,"type":"GRASS"},{"x":52,"y":0,"z":44,"type":"GRASS"},{"x":52,"y":0,"z":48,"type":"GRASS"},{"x":52,"y":0,"z":52,"type":"GRASS"},{"x":52,"y":0,"z":56,"type":"GRASS"},{"x":52,"y":0,"z":60,"type":"GRASS"},{"x":56,"y":4,"z":0,"type":"CONCRETE"},{"x":56,"y":0,"z":0,"type":"GRASS"},{"x":56,"y":0,"z":4,"type":"GRASS"},{"x":56,"y":0,"z":8,"type":"GRASS"},{"x":56,"y":0,"z":12,"type":"GRASS"},{"x":56,"y":0,"z":16,"type":"GRASS"},{"x":56,"y":0,"z":20,"type":"GRASS"},{"x":56,"y":0,"z":24,"type":"GRASS"},{"x":56,"y":4,"z":28,"type":"CONCRETE"},{"x":56,"y":0,"z":28,"type":"GRASS"},{"x":56,"y":0,"z":32,"type":"GRASS"},{"x":56,"y":0,"z":36,"type":"GRASS"},{"x":56,"y":4,"z":40,"type":"CONCRETE"},{"x":56,"y":0,"z":40,"type":"GRASS"},{"x":56,"y":0,"z":44,"type":"GRASS"},{"x":56,"y":0,"z":48,"type":"GRASS"},{"x":56,"y":0,"z":52,"type":"GRASS"},{"x":56,"y":0,"z":56,"type":"GRASS"},{"x":56,"y":0,"z":60,"type":"GRASS"},{"x":60,"y":4,"z":0,"type":"CONCRETE"},{"x":60,"y":0,"z":0,"type":"GRASS"},{"x":60,"y":0,"z":4,"type":"GRASS"},{"x":60,"y":0,"z":8,"type":"GRASS"},{"x":60,"y":0,"z":12,"type":"GRASS"},{"x":60,"y":0,"z":16,"type":"GRASS"},{"x":60,"y":0,"z":20,"type":"GRASS"},{"x":60,"y":4,"z":24,"type":"CONCRETE"},{"x":60,"y":0,"z":24,"type":"GRASS"},{"x":60,"y":0,"z":28,"type":"GRASS"},{"x":60,"y":0,"z":32,"type":"GRASS"},{"x":60,"y":0,"z":36,"type":"GRASS"},{"x":60,"y":4,"z":40,"type":"CONCRETE"},{"x":60,"y":0,"z":40,"type":"GRASS"},{"x":60,"y":0,"z":44,"type":"GRASS"},{"x":60,"y":0,"z":48,"type":"GRASS"},{"x":60,"y":0,"z":52,"type":"GRASS"},{"x":60,"y":0,"z":56,"type":"GRASS"},{"x":60,"y":0,"z":60,"type":"GRASS"}],"chunkX":0,"chunkY":0},{"blocks":[{"x":0,"y":4,"z":64,"type":"CONCRETE"},{"x":0,"y":0,"z":64,"type":"GRASS"},{"x":0,"y":4,"z":68,"type":"CONCRETE"},{"x":0,"y":0,"z":68,"type":"GRASS"},{"x":0,"y":4,"z":72,"type":"CONCRETE"},{"x":0,"y":0,"z":72,"type":"GRASS"},{"x":0,"y":4,"z":76,"type":"CONCRETE"},{"x":0,"y":0,"z":76,"type":"GRASS"},{"x":0,"y":4,"z":80,"type":"CONCRETE"},{"x":0,"y":0,"z":80,"type":"GRASS"},{"x":0,"y":4,"z":84,"type":"CONCRETE"},{"x":0,"y":0,"z":84,"type":"GRASS"},{"x":0,"y":4,"z":88,"type":"CONCRETE"},{"x":0,"y":0,"z":88,"type":"GRASS"},{"x":0,"y":4,"z":92,"type":"CONCRETE"},{"x":0,"y":0,"z":92,"type":"GRASS"},{"x":0,"y":4,"z":96,"type":"CONCRETE"},{"x":0,"y":0,"z":96,"type":"GRASS"},{"x":0,"y":4,"z":100,"type":"CONCRETE"},{"x":0,"y":0,"z":100,"type":"GRASS"},{"x":0,"y":4,"z":104,"type":"CONCRETE"},{"x":0,"y":0,"z":104,"type":"GRASS"},{"x":0,"y":4,"z":108,"type":"CONCRETE"},{"x":0,"y":0,"z":108,"type":"GRASS"},{"x":0,"y":4,"z":112,"type":"CONCRETE"},{"x":0,"y":0,"z":112,"type":"GRASS"},{"x":0,"y":4,"z":116,"type":"CONCRETE"},{"x":0,"y":0,"z":116,"type":"GRASS"},{"x":0,"y":4,"z":120,"type":"CONCRETE"},{"x":0,"y":0,"z":120,"type":"GRASS"},{"x":0,"y":4,"z":124,"type":"CONCRETE"},{"x":0,"y":0,"z":124,"type":"GRASS"},{"x":4,"y":0,"z":64,"type":"GRASS"},{"x":4,"y":0,"z":68,"type":"GRASS"},{"x":4,"y":0,"z":72,"type":"GRASS"},{"x":4,"y":0,"z":76,"type":"GRASS"},{"x":4,"y":0,"z":80,"type":"GRASS"},{"x":4,"y":0,"z":84,"type":"GRASS"},{"x":4,"y":0,"z":88,"type":"GRASS"},{"x":4,"y":0,"z":92,"type":"GRASS"},{"x":4,"y":0,"z":96,"type":"GRASS"},{"x":4,"y":0,"z":100,"type":"GRASS"},{"x":4,"y":0,"z":104,"type":"GRASS"},{"x":4,"y":0,"z":108,"type":"GRASS"},{"x":4,"y":0,"z":112,"type":"GRASS"},{"x":4,"y":0,"z":116,"type":"GRASS"},{"x":4,"y":0,"z":120,"type":"GRASS"},{"x":4,"y":4,"z":124,"type":"CONCRETE"},{"x":4,"y":0,"z":124,"type":"GRASS"},{"x":8,"y":0,"z":64,"type":"GRASS"},{"x":8,"y":0,"z":68,"type":"GRASS"},{"x":8,"y":0,"z":72,"type":"GRASS"},{"x":8,"y":0,"z":76,"type":"GRASS"},{"x":8,"y":0,"z":80,"type":"GRASS"},{"x":8,"y":0,"z":84,"type":"GRASS"},{"x":8,"y":0,"z":88,"type":"GRASS"},{"x":8,"y":0,"z":92,"type":"GRASS"},{"x":8,"y":0,"z":96,"type":"GRASS"},{"x":8,"y":0,"z":100,"type":"GRASS"},{"x":8,"y":0,"z":104,"type":"GRASS"},{"x":8,"y":0,"z":108,"type":"GRASS"},{"x":8,"y":0,"z":112,"type":"GRASS"},{"x":8,"y":0,"z":116,"type":"GRASS"},{"x":8,"y":0,"z":120,"type":"GRASS"},{"x":8,"y":4,"z":124,"type":"CONCRETE"},{"x":8,"y":0,"z":124,"type":"GRASS"},{"x":12,"y":0,"z":64,"type":"GRASS"},{"x":12,"y":0,"z":68,"type":"GRASS"},{"x":12,"y":0,"z":72,"type":"GRASS"},{"x":12,"y":0,"z":76,"type":"GRASS"},{"x":12,"y":0,"z":80,"type":"GRASS"},{"x":12,"y":0,"z":84,"type":"GRASS"},{"x":12,"y":0,"z":88,"type":"GRASS"},{"x":12,"y":0,"z":92,"type":"GRASS"},{"x":12,"y":0,"z":96,"type":"GRASS"},{"x":12,"y":0,"z":100,"type":"GRASS"},{"x":12,"y":0,"z":104,"type":"GRASS"},{"x":12,"y":0,"z":108,"type":"GRASS"},{"x":12,"y":0,"z":112,"type":"GRASS"},{"x":12,"y":0,"z":116,"type":"GRASS"},{"x":12,"y":0,"z":120,"type":"GRASS"},{"x":12,"y":4,"z":124,"type":"CONCRETE"},{"x":12,"y":0,"z":124,"type":"GRASS"},{"x":16,"y":0,"z":64,"type":"GRASS"},{"x":16,"y":0,"z":68,"type":"GRASS"},{"x":16,"y":0,"z":72,"type":"GRASS"},{"x":16,"y":0,"z":76,"type":"GRASS"},{"x":16,"y":0,"z":80,"type":"GRASS"},{"x":16,"y":0,"z":84,"type":"GRASS"},{"x":16,"y":0,"z":88,"type":"GRASS"},{"x":16,"y":0,"z":92,"type":"GRASS"},{"x":16,"y":0,"z":96,"type":"GRASS"},{"x":16,"y":0,"z":100,"type":"GRASS"},{"x":16,"y":0,"z":104,"type":"GRASS"},{"x":16,"y":0,"z":108,"type":"GRASS"},{"x":16,"y":0,"z":112,"type":"GRASS"},{"x":16,"y":0,"z":116,"type":"GRASS"},{"x":16,"y":0,"z":120,"type":"GRASS"},{"x":16,"y":4,"z":124,"type":"CONCRETE"},{"x":16,"y":0,"z":124,"type":"GRASS"},{"x":20,"y":0,"z":64,"type":"GRASS"},{"x":20,"y":0,"z":68,"type":"GRASS"},{"x":20,"y":0,"z":72,"type":"GRASS"},{"x":20,"y":0,"z":76,"type":"GRASS"},{"x":20,"y":0,"z":80,"type":"GRASS"},{"x":20,"y":0,"z":84,"type":"GRASS"},{"x":20,"y":0,"z":88,"type":"GRASS"},{"x":20,"y":0,"z":92,"type":"GRASS"},{"x":20,"y":0,"z":96,"type":"GRASS"},{"x":20,"y":0,"z":100,"type":"GRASS"},{"x":20,"y":0,"z":104,"type":"GRASS"},{"x":20,"y":0,"z":108,"type":"GRASS"},{"x":20,"y":0,"z":112,"type":"GRASS"},{"x":20,"y":0,"z":116,"type":"GRASS"},{"x":20,"y":0,"z":120,"type":"GRASS"},{"x":20,"y":4,"z":124,"type":"CONCRETE"},{"x":20,"y":0,"z":124,"type":"GRASS"},{"x":24,"y":0,"z":64,"type":"GRASS"},{"x":24,"y":0,"z":68,"type":"GRASS"},{"x":24,"y":0,"z":72,"type":"GRASS"},{"x":24,"y":0,"z":76,"type":"GRASS"},{"x":24,"y":0,"z":80,"type":"GRASS"},{"x":24,"y":0,"z":84,"type":"GRASS"},{"x":24,"y":0,"z":88,"type":"GRASS"},{"x":24,"y":0,"z":92,"type":"GRASS"},{"x":24,"y":0,"z":96,"type":"GRASS"},{"x":24,"y":0,"z":100,"type":"GRASS"},{"x":24,"y":0,"z":104,"type":"GRASS"},{"x":24,"y":0,"z":108,"type":"GRASS"},{"x":24,"y":0,"z":112,"type":"GRASS"},{"x":24,"y":0,"z":116,"type":"GRASS"},{"x":24,"y":0,"z":120,"type":"GRASS"},{"x":24,"y":4,"z":124,"type":"CONCRETE"},{"x":24,"y":0,"z":124,"type":"GRASS"},{"x":28,"y":0,"z":64,"type":"GRASS"},{"x":28,"y":0,"z":68,"type":"GRASS"},{"x":28,"y":0,"z":72,"type":"GRASS"},{"x":28,"y":0,"z":76,"type":"GRASS"},{"x":28,"y":0,"z":80,"type":"GRASS"},{"x":28,"y":0,"z":84,"type":"GRASS"},{"x":28,"y":0,"z":88,"type":"GRASS"},{"x":28,"y":0,"z":92,"type":"GRASS"},{"x":28,"y":0,"z":96,"type":"GRASS"},{"x":28,"y":0,"z":100,"type":"GRASS"},{"x":28,"y":0,"z":104,"type":"GRASS"},{"x":28,"y":0,"z":108,"type":"GRASS"},{"x":28,"y":0,"z":112,"type":"GRASS"},{"x":28,"y":0,"z":116,"type":"GRASS"},{"x":28,"y":0,"z":120,"type":"GRASS"},{"x":28,"y":4,"z":124,"type":"CONCRETE"},{"x":28,"y":0,"z":124,"type":"GRASS"},{"x":32,"y":0,"z":64,"type":"GRASS"},{"x":32,"y":0,"z":68,"type":"GRASS"},{"x":32,"y":0,"z":72,"type":"GRASS"},{"x":32,"y":0,"z":76,"type":"GRASS"},{"x":32,"y":0,"z":80,"type":"GRASS"},{"x":32,"y":0,"z":84,"type":"GRASS"},{"x":32,"y":0,"z":88,"type":"GRASS"},{"x":32,"y":0,"z":92,"type":"GRASS"},{"x":32,"y":0,"z":96,"type":"GRASS"},{"x":32,"y":0,"z":100,"type":"GRASS"},{"x":32,"y":0,"z":104,"type":"GRASS"},{"x":32,"y":0,"z":108,"type":"GRASS"},{"x":32,"y":0,"z":112,"type":"GRASS"},{"x":32,"y":0,"z":116,"type":"GRASS"},{"x":32,"y":0,"z":120,"type":"GRASS"},{"x":32,"y":4,"z":124,"type":"CONCRETE"},{"x":32,"y":0,"z":124,"type":"GRASS"},{"x":36,"y":0,"z":64,"type":"GRASS"},{"x":36,"y":0,"z":68,"type":"GRASS"},{"x":36,"y":0,"z":72,"type":"GRASS"},{"x":36,"y":0,"z":76,"type":"GRASS"},{"x":36,"y":0,"z":80,"type":"GRASS"},{"x":36,"y":0,"z":84,"type":"GRASS"},{"x":36,"y":0,"z":88,"type":"GRASS"},{"x":36,"y":0,"z":92,"type":"GRASS"},{"x":36,"y":4,"z":96,"type":"CONCRETE"},{"x":36,"y":0,"z":96,"type":"GRASS"},{"x":36,"y":4,"z":100,"type":"CONCRETE"},{"x":36,"y":0,"z":100,"type":"GRASS"},{"x":36,"y":0,"z":104,"type":"GRASS"},{"x":36,"y":0,"z":108,"type":"GRASS"},{"x":36,"y":0,"z":112,"type":"GRASS"},{"x":36,"y":0,"z":116,"type":"GRASS"},{"x":36,"y":0,"z":120,"type":"GRASS"},{"x":36,"y":4,"z":124,"type":"CONCRETE"},{"x":36,"y":0,"z":124,"type":"GRASS"},{"x":40,"y":0,"z":64,"type":"GRASS"},{"x":40,"y":0,"z":68,"type":"GRASS"},{"x":40,"y":0,"z":72,"type":"GRASS"},{"x":40,"y":0,"z":76,"type":"GRASS"},{"x":40,"y":0,"z":80,"type":"GRASS"},{"x":40,"y":4,"z":84,"type":"CONCRETE"},{"x":40,"y":0,"z":84,"type":"GRASS"},{"x":40,"y":4,"z":88,"type":"CONCRETE"},{"x":40,"y":0,"z":88,"type":"GRASS"},{"x":40,"y":4,"z":92,"type":"CONCRETE"},{"x":40,"y":0,"z":92,"type":"GRASS"},{"x":40,"y":0,"z":96,"type":"GRASS"},{"x":40,"y":0,"z":100,"type":"GRASS"},{"x":40,"y":4,"z":104,"type":"CONCRETE"},{"x":40,"y":0,"z":104,"type":"GRASS"},{"x":40,"y":0,"z":108,"type":"GRASS"},{"x":40,"y":0,"z":112,"type":"GRASS"},{"x":40,"y":0,"z":116,"type":"GRASS"},{"x":40,"y":0,"z":120,"type":"GRASS"},{"x":40,"y":4,"z":124,"type":"CONCRETE"},{"x":40,"y":0,"z":124,"type":"GRASS"},{"x":44,"y":0,"z":64,"type":"GRASS"},{"x":44,"y":0,"z":68,"type":"GRASS"},{"x":44,"y":0,"z":72,"type":"GRASS"},{"x":44,"y":0,"z":76,"type":"GRASS"},{"x":44,"y":4,"z":80,"type":"CONCRETE"},{"x":44,"y":0,"z":80,"type":"GRASS"},{"x":44,"y":0,"z":84,"type":"GRASS"},{"x":44,"y":0,"z":88,"type":"GRASS"},{"x":44,"y":4,"z":92,"type":"CONCRETE"},{"x":44,"y":0,"z":92,"type":"GRASS"},{"x":44,"y":0,"z":96,"type":"GRASS"},{"x":44,"y":0,"z":100,"type":"GRASS"},{"x":44,"y":4,"z":104,"type":"CONCRETE"},{"x":44,"y":0,"z":104,"type":"GRASS"},{"x":44,"y":0,"z":108,"type":"GRASS"},{"x":44,"y":0,"z":112,"type":"GRASS"},{"x":44,"y":0,"z":116,"type":"GRASS"},{"x":44,"y":0,"z":120,"type":"GRASS"},{"x":44,"y":4,"z":124,"type":"CONCRETE"},{"x":44,"y":0,"z":124,"type":"GRASS"},{"x":48,"y":0,"z":64,"type":"GRASS"},{"x":48,"y":0,"z":68,"type":"GRASS"},{"x":48,"y":0,"z":72,"type":"GRASS"},{"x":48,"y":4,"z":76,"type":"CONCRETE"},{"x":48,"y":0,"z":76,"type":"GRASS"},{"x":48,"y":0,"z":80,"type":"GRASS"},{"x":48,"y":0,"z":84,"type":"GRASS"},{"x":48,"y":0,"z":88,"type":"GRASS"},{"x":48,"y":0,"z":92,"type":"GRASS"},{"x":48,"y":0,"z":96,"type":"GRASS"},{"x":48,"y":0,"z":100,"type":"GRASS"},{"x":48,"y":4,"z":104,"type":"CONCRETE"},{"x":48,"y":0,"z":104,"type":"GRASS"},{"x":48,"y":0,"z":108,"type":"GRASS"},{"x":48,"y":0,"z":112,"type":"GRASS"},{"x":48,"y":0,"z":116,"type":"GRASS"},{"x":48,"y":0,"z":120,"type":"GRASS"},{"x":48,"y":4,"z":124,"type":"CONCRETE"},{"x":48,"y":0,"z":124,"type":"GRASS"},{"x":52,"y":0,"z":64,"type":"GRASS"},{"x":52,"y":0,"z":68,"type":"GRASS"},{"x":52,"y":0,"z":72,"type":"GRASS"},{"x":52,"y":4,"z":76,"type":"CONCRETE"},{"x":52,"y":0,"z":76,"type":"GRASS"},{"x":52,"y":0,"z":80,"type":"GRASS"},{"x":52,"y":0,"z":84,"type":"GRASS"},{"x":52,"y":0,"z":88,"type":"GRASS"},{"x":52,"y":4,"z":92,"type":"CONCRETE"},{"x":52,"y":0,"z":92,"type":"GRASS"},{"x":52,"y":0,"z":96,"type":"GRASS"},{"x":52,"y":0,"z":100,"type":"GRASS"},{"x":52,"y":4,"z":104,"type":"CONCRETE"},{"x":52,"y":0,"z":104,"type":"GRASS"},{"x":52,"y":0,"z":108,"type":"GRASS"},{"x":52,"y":0,"z":112,"type":"GRASS"},{"x":52,"y":0,"z":116,"type":"GRASS"},{"x":52,"y":0,"z":120,"type":"GRASS"},{"x":52,"y":4,"z":124,"type":"CONCRETE"},{"x":52,"y":0,"z":124,"type":"GRASS"},{"x":56,"y":0,"z":64,"type":"GRASS"},{"x":56,"y":0,"z":68,"type":"GRASS"},{"x":56,"y":0,"z":72,"type":"GRASS"},{"x":56,"y":4,"z":76,"type":"CONCRETE"},{"x":56,"y":0,"z":76,"type":"GRASS"},{"x":56,"y":0,"z":80,"type":"GRASS"},{"x":56,"y":0,"z":84,"type":"GRASS"},{"x":56,"y":0,"z":88,"type":"GRASS"},{"x":56,"y":0,"z":92,"type":"GRASS"},{"x":56,"y":0,"z":96,"type":"GRASS"},{"x":56,"y":0,"z":100,"type":"GRASS"},{"x":56,"y":4,"z":104,"type":"CONCRETE"},{"x":56,"y":0,"z":104,"type":"GRASS"},{"x":56,"y":4,"z":108,"type":"CONCRETE"},{"x":56,"y":0,"z":108,"type":"GRASS"},{"x":56,"y":0,"z":112,"type":"GRASS"},{"x":56,"y":0,"z":116,"type":"GRASS"},{"x":56,"y":0,"z":120,"type":"GRASS"},{"x":56,"y":4,"z":124,"type":"CONCRETE"},{"x":56,"y":0,"z":124,"type":"GRASS"},{"x":60,"y":0,"z":64,"type":"GRASS"},{"x":60,"y":0,"z":68,"type":"GRASS"},{"x":60,"y":0,"z":72,"type":"GRASS"},{"x":60,"y":4,"z":76,"type":"CONCRETE"},{"x":60,"y":0,"z":76,"type":"GRASS"},{"x":60,"y":0,"z":80,"type":"GRASS"},{"x":60,"y":0,"z":84,"type":"GRASS"},{"x":60,"y":0,"z":88,"type":"GRASS"},{"x":60,"y":0,"z":92,"type":"GRASS"},{"x":60,"y":0,"z":96,"type":"GRASS"},{"x":60,"y":0,"z":100,"type":"GRASS"},{"x":60,"y":0,"z":104,"type":"GRASS"},{"x":60,"y":0,"z":108,"type":"GRASS"},{"x":60,"y":4,"z":112,"type":"CONCRETE"},{"x":60,"y":0,"z":112,"type":"GRASS"},{"x":60,"y":0,"z":116,"type":"GRASS"},{"x":60,"y":0,"z":120,"type":"GRASS"},{"x":60,"y":4,"z":124,"type":"CONCRETE"},{"x":60,"y":0,"z":124,"type":"GRASS"}],"chunkX":0,"chunkY":1},{"blocks":[{"x":64,"y":4,"z":0,"type":"CONCRETE"},{"x":64,"y":0,"z":0,"type":"GRASS"},{"x":64,"y":0,"z":4,"type":"GRASS"},{"x":64,"y":0,"z":8,"type":"GRASS"},{"x":64,"y":0,"z":12,"type":"GRASS"},{"x":64,"y":0,"z":16,"type":"GRASS"},{"x":64,"y":4,"z":20,"type":"CONCRETE"},{"x":64,"y":0,"z":20,"type":"GRASS"},{"x":64,"y":0,"z":24,"type":"GRASS"},{"x":64,"y":0,"z":28,"type":"GRASS"},{"x":64,"y":0,"z":32,"type":"GRASS"},{"x":64,"y":0,"z":36,"type":"GRASS"},{"x":64,"y":4,"z":40,"type":"CONCRETE"},{"x":64,"y":0,"z":40,"type":"GRASS"},{"x":64,"y":0,"z":44,"type":"GRASS"},{"x":64,"y":4,"z":48,"type":"CONCRETE"},{"x":64,"y":0,"z":48,"type":"GRASS"},{"x":64,"y":4,"z":52,"type":"CONCRETE"},{"x":64,"y":0,"z":52,"type":"GRASS"},{"x":64,"y":0,"z":56,"type":"GRASS"},{"x":64,"y":0,"z":60,"type":"GRASS"},{"x":68,"y":4,"z":0,"type":"CONCRETE"},{"x":68,"y":0,"z":0,"type":"GRASS"},{"x":68,"y":0,"z":4,"type":"GRASS"},{"x":68,"y":0,"z":8,"type":"GRASS"},{"x":68,"y":0,"z":12,"type":"GRASS"},{"x":68,"y":4,"z":16,"type":"CONCRETE"},{"x":68,"y":0,"z":16,"type":"GRASS"},{"x":68,"y":0,"z":20,"type":"GRASS"},{"x":68,"y":0,"z":24,"type":"GRASS"},{"x":68,"y":0,"z":28,"type":"GRASS"},{"x":68,"y":0,"z":32,"type":"GRASS"},{"x":68,"y":0,"z":36,"type":"GRASS"},{"x":68,"y":0,"z":40,"type":"GRASS"},{"x":68,"y":4,"z":44,"type":"CONCRETE"},{"x":68,"y":0,"z":44,"type":"GRASS"},{"x":68,"y":0,"z":48,"type":"GRASS"},{"x":68,"y":0,"z":52,"type":"GRASS"},{"x":68,"y":4,"z":56,"type":"CONCRETE"},{"x":68,"y":0,"z":56,"type":"GRASS"},{"x":68,"y":4,"z":60,"type":"CONCRETE"},{"x":68,"y":0,"z":60,"type":"GRASS"},{"x":72,"y":4,"z":0,"type":"CONCRETE"},{"x":72,"y":0,"z":0,"type":"GRASS"},{"x":72,"y":0,"z":4,"type":"GRASS"},{"x":72,"y":0,"z":8,"type":"GRASS"},{"x":72,"y":0,"z":12,"type":"GRASS"},{"x":72,"y":0,"z":16,"type":"GRASS"},{"x":72,"y":4,"z":20,"type":"CONCRETE"},{"x":72,"y":0,"z":20,"type":"GRASS"},{"x":72,"y":0,"z":24,"type":"GRASS"},{"x":72,"y":0,"z":28,"type":"GRASS"},{"x":72,"y":0,"z":32,"type":"GRASS"},{"x":72,"y":0,"z":36,"type":"GRASS"},{"x":72,"y":4,"z":40,"type":"CONCRETE"},{"x":72,"y":0,"z":40,"type":"GRASS"},{"x":72,"y":0,"z":44,"type":"GRASS"},{"x":72,"y":0,"z":48,"type":"GRASS"},{"x":72,"y":0,"z":52,"type":"GRASS"},{"x":72,"y":0,"z":56,"type":"GRASS"},{"x":72,"y":0,"z":60,"type":"GRASS"},{"x":76,"y":4,"z":0,"type":"CONCRETE"},{"x":76,"y":0,"z":0,"type":"GRASS"},{"x":76,"y":0,"z":4,"type":"GRASS"},{"x":76,"y":0,"z":8,"type":"GRASS"},{"x":76,"y":0,"z":12,"type":"GRASS"},{"x":76,"y":0,"z":16,"type":"GRASS"},{"x":76,"y":4,"z":20,"type":"CONCRETE"},{"x":76,"y":0,"z":20,"type":"GRASS"},{"x":76,"y":0,"z":24,"type":"GRASS"},{"x":76,"y":0,"z":28,"type":"GRASS"},{"x":76,"y":0,"z":32,"type":"GRASS"},{"x":76,"y":0,"z":36,"type":"GRASS"},{"x":76,"y":0,"z":40,"type":"GRASS"},{"x":76,"y":0,"z":44,"type":"GRASS"},{"x":76,"y":0,"z":48,"type":"GRASS"},{"x":76,"y":0,"z":52,"type":"GRASS"},{"x":76,"y":0,"z":56,"type":"GRASS"},{"x":76,"y":0,"z":60,"type":"GRASS"},{"x":80,"y":4,"z":0,"type":"CONCRETE"},{"x":80,"y":0,"z":0,"type":"GRASS"},{"x":80,"y":0,"z":4,"type":"GRASS"},{"x":80,"y":0,"z":8,"type":"GRASS"},{"x":80,"y":0,"z":12,"type":"GRASS"},{"x":80,"y":0,"z":16,"type":"GRASS"},{"x":80,"y":4,"z":20,"type":"CONCRETE"},{"x":80,"y":0,"z":20,"type":"GRASS"},{"x":80,"y":0,"z":24,"type":"GRASS"},{"x":80,"y":0,"z":28,"type":"GRASS"},{"x":80,"y":0,"z":32,"type":"GRASS"},{"x":80,"y":4,"z":36,"type":"CONCRETE"},{"x":80,"y":0,"z":36,"type":"GRASS"},{"x":80,"y":0,"z":40,"type":"GRASS"},{"x":80,"y":4,"z":44,"type":"CONCRETE"},{"x":80,"y":0,"z":44,"type":"GRASS"},{"x":80,"y":0,"z":48,"type":"GRASS"},{"x":80,"y":0,"z":52,"type":"GRASS"},{"x":80,"y":0,"z":56,"type":"GRASS"},{"x":80,"y":4,"z":60,"type":"CONCRETE"},{"x":80,"y":0,"z":60,"type":"GRASS"},{"x":84,"y":4,"z":0,"type":"CONCRETE"},{"x":84,"y":0,"z":0,"type":"GRASS"},{"x":84,"y":0,"z":4,"type":"GRASS"},{"x":84,"y":0,"z":8,"type":"GRASS"},{"x":84,"y":0,"z":12,"type":"GRASS"},{"x":84,"y":4,"z":16,"type":"CONCRETE"},{"x":84,"y":0,"z":16,"type":"GRASS"},{"x":84,"y":0,"z":20,"type":"GRASS"},{"x":84,"y":0,"z":24,"type":"GRASS"},{"x":84,"y":0,"z":28,"type":"GRASS"},{"x":84,"y":0,"z":32,"type":"GRASS"},{"x":84,"y":0,"z":36,"type":"GRASS"},{"x":84,"y":0,"z":40,"type":"GRASS"},{"x":84,"y":0,"z":44,"type":"GRASS"},{"x":84,"y":0,"z":48,"type":"GRASS"},{"x":84,"y":0,"z":52,"type":"GRASS"},{"x":84,"y":4,"z":56,"type":"CONCRETE"},{"x":84,"y":0,"z":56,"type":"GRASS"},{"x":84,"y":0,"z":60,"type":"GRASS"},{"x":88,"y":4,"z":0,"type":"CONCRETE"},{"x":88,"y":0,"z":0,"type":"GRASS"},{"x":88,"y":0,"z":4,"type":"GRASS"},{"x":88,"y":0,"z":8,"type":"GRASS"},{"x":88,"y":0,"z":12,"type":"GRASS"},{"x":88,"y":4,"z":16,"type":"CONCRETE"},{"x":88,"y":0,"z":16,"type":"GRASS"},{"x":88,"y":0,"z":20,"type":"GRASS"},{"x":88,"y":0,"z":24,"type":"GRASS"},{"x":88,"y":0,"z":28,"type":"GRASS"},{"x":88,"y":0,"z":32,"type":"GRASS"},{"x":88,"y":0,"z":36,"type":"GRASS"},{"x":88,"y":0,"z":40,"type":"GRASS"},{"x":88,"y":0,"z":44,"type":"GRASS"},{"x":88,"y":4,"z":48,"type":"CONCRETE"},{"x":88,"y":0,"z":48,"type":"GRASS"},{"x":88,"y":4,"z":52,"type":"CONCRETE"},{"x":88,"y":0,"z":52,"type":"GRASS"},{"x":88,"y":0,"z":56,"type":"GRASS"},{"x":88,"y":0,"z":60,"type":"GRASS"},{"x":92,"y":4,"z":0,"type":"CONCRETE"},{"x":92,"y":0,"z":0,"type":"GRASS"},{"x":92,"y":0,"z":4,"type":"GRASS"},{"x":92,"y":0,"z":8,"type":"GRASS"},{"x":92,"y":0,"z":12,"type":"GRASS"},{"x":92,"y":0,"z":16,"type":"GRASS"},{"x":92,"y":4,"z":20,"type":"CONCRETE"},{"x":92,"y":0,"z":20,"type":"GRASS"},{"x":92,"y":0,"z":24,"type":"GRASS"},{"x":92,"y":0,"z":28,"type":"GRASS"},{"x":92,"y":4,"z":32,"type":"CONCRETE"},{"x":92,"y":0,"z":32,"type":"GRASS"},{"x":92,"y":0,"z":36,"type":"GRASS"},{"x":92,"y":0,"z":40,"type":"GRASS"},{"x":92,"y":0,"z":44,"type":"GRASS"},{"x":92,"y":4,"z":48,"type":"CONCRETE"},{"x":92,"y":0,"z":48,"type":"GRASS"},{"x":92,"y":0,"z":52,"type":"GRASS"},{"x":92,"y":0,"z":56,"type":"GRASS"},{"x":92,"y":0,"z":60,"type":"GRASS"},{"x":96,"y":4,"z":0,"type":"CONCRETE"},{"x":96,"y":0,"z":0,"type":"GRASS"},{"x":96,"y":0,"z":4,"type":"GRASS"},{"x":96,"y":0,"z":8,"type":"GRASS"},{"x":96,"y":0,"z":12,"type":"GRASS"},{"x":96,"y":0,"z":16,"type":"GRASS"},{"x":96,"y":4,"z":20,"type":"CONCRETE"},{"x":96,"y":0,"z":20,"type":"GRASS"},{"x":96,"y":0,"z":24,"type":"GRASS"},{"x":96,"y":0,"z":28,"type":"GRASS"},{"x":96,"y":4,"z":32,"type":"CONCRETE"},{"x":96,"y":0,"z":32,"type":"GRASS"},{"x":96,"y":4,"z":36,"type":"CONCRETE"},{"x":96,"y":0,"z":36,"type":"GRASS"},{"x":96,"y":4,"z":40,"type":"CONCRETE"},{"x":96,"y":0,"z":40,"type":"GRASS"},{"x":96,"y":4,"z":44,"type":"CONCRETE"},{"x":96,"y":0,"z":44,"type":"GRASS"},{"x":96,"y":0,"z":48,"type":"GRASS"},{"x":96,"y":0,"z":52,"type":"GRASS"},{"x":96,"y":0,"z":56,"type":"GRASS"},{"x":96,"y":0,"z":60,"type":"GRASS"},{"x":100,"y":4,"z":0,"type":"CONCRETE"},{"x":100,"y":0,"z":0,"type":"GRASS"},{"x":100,"y":0,"z":4,"type":"GRASS"},{"x":100,"y":0,"z":8,"type":"GRASS"},{"x":100,"y":0,"z":12,"type":"GRASS"},{"x":100,"y":0,"z":16,"type":"GRASS"},{"x":100,"y":0,"z":20,"type":"GRASS"},{"x":100,"y":4,"z":24,"type":"CONCRETE"},{"x":100,"y":0,"z":24,"type":"GRASS"},{"x":100,"y":4,"z":28,"type":"CONCRETE"},{"x":100,"y":0,"z":28,"type":"GRASS"},{"x":100,"y":0,"z":32,"type":"GRASS"},{"x":100,"y":0,"z":36,"type":"GRASS"},{"x":100,"y":0,"z":40,"type":"GRASS"},{"x":100,"y":0,"z":44,"type":"GRASS"},{"x":100,"y":0,"z":48,"type":"GRASS"},{"x":100,"y":0,"z":52,"type":"GRASS"},{"x":100,"y":0,"z":56,"type":"GRASS"},{"x":100,"y":0,"z":60,"type":"GRASS"},{"x":104,"y":4,"z":0,"type":"CONCRETE"},{"x":104,"y":0,"z":0,"type":"GRASS"},{"x":104,"y":0,"z":4,"type":"GRASS"},{"x":104,"y":0,"z":8,"type":"GRASS"},{"x":104,"y":0,"z":12,"type":"GRASS"},{"x":104,"y":0,"z":16,"type":"GRASS"},{"x":104,"y":0,"z":20,"type":"GRASS"},{"x":104,"y":0,"z":24,"type":"GRASS"},{"x":104,"y":0,"z":28,"type":"GRASS"},{"x":104,"y":0,"z":32,"type":"GRASS"},{"x":104,"y":0,"z":36,"type":"GRASS"},{"x":104,"y":0,"z":40,"type":"GRASS"},{"x":104,"y":0,"z":44,"type":"GRASS"},{"x":104,"y":0,"z":48,"type":"GRASS"},{"x":104,"y":0,"z":52,"type":"GRASS"},{"x":104,"y":0,"z":56,"type":"GRASS"},{"x":104,"y":0,"z":60,"type":"GRASS"},{"x":108,"y":4,"z":0,"type":"CONCRETE"},{"x":108,"y":0,"z":0,"type":"GRASS"},{"x":108,"y":0,"z":4,"type":"GRASS"},{"x":108,"y":0,"z":8,"type":"GRASS"},{"x":108,"y":0,"z":12,"type":"GRASS"},{"x":108,"y":0,"z":16,"type":"GRASS"},{"x":108,"y":0,"z":20,"type":"GRASS"},{"x":108,"y":0,"z":24,"type":"GRASS"},{"x":108,"y":0,"z":28,"type":"GRASS"},{"x":108,"y":0,"z":32,"type":"GRASS"},{"x":108,"y":0,"z":36,"type":"GRASS"},{"x":108,"y":0,"z":40,"type":"GRASS"},{"x":108,"y":0,"z":44,"type":"GRASS"},{"x":108,"y":0,"z":48,"type":"GRASS"},{"x":108,"y":0,"z":52,"type":"GRASS"},{"x":108,"y":0,"z":56,"type":"GRASS"},{"x":108,"y":0,"z":60,"type":"GRASS"},{"x":112,"y":4,"z":0,"type":"CONCRETE"},{"x":112,"y":0,"z":0,"type":"GRASS"},{"x":112,"y":0,"z":4,"type":"GRASS"},{"x":112,"y":0,"z":8,"type":"GRASS"},{"x":112,"y":0,"z":12,"type":"GRASS"},{"x":112,"y":0,"z":16,"type":"GRASS"},{"x":112,"y":0,"z":20,"type":"GRASS"},{"x":112,"y":0,"z":24,"type":"GRASS"},{"x":112,"y":0,"z":28,"type":"GRASS"},{"x":112,"y":0,"z":32,"type":"GRASS"},{"x":112,"y":0,"z":36,"type":"GRASS"},{"x":112,"y":0,"z":40,"type":"GRASS"},{"x":112,"y":0,"z":44,"type":"GRASS"},{"x":112,"y":0,"z":48,"type":"GRASS"},{"x":112,"y":0,"z":52,"type":"GRASS"},{"x":112,"y":0,"z":56,"type":"GRASS"},{"x":112,"y":0,"z":60,"type":"GRASS"},{"x":116,"y":4,"z":0,"type":"CONCRETE"},{"x":116,"y":0,"z":0,"type":"GRASS"},{"x":116,"y":0,"z":4,"type":"GRASS"},{"x":116,"y":0,"z":8,"type":"GRASS"},{"x":116,"y":0,"z":12,"type":"GRASS"},{"x":116,"y":0,"z":16,"type":"GRASS"},{"x":116,"y":0,"z":20,"type":"GRASS"},{"x":116,"y":0,"z":24,"type":"GRASS"},{"x":116,"y":0,"z":28,"type":"GRASS"},{"x":116,"y":0,"z":32,"type":"GRASS"},{"x":116,"y":0,"z":36,"type":"GRASS"},{"x":116,"y":0,"z":40,"type":"GRASS"},{"x":116,"y":0,"z":44,"type":"GRASS"},{"x":116,"y":0,"z":48,"type":"GRASS"},{"x":116,"y":0,"z":52,"type":"GRASS"},{"x":116,"y":0,"z":56,"type":"GRASS"},{"x":116,"y":0,"z":60,"type":"GRASS"},{"x":120,"y":4,"z":0,"type":"CONCRETE"},{"x":120,"y":0,"z":0,"type":"GRASS"},{"x":120,"y":0,"z":4,"type":"GRASS"},{"x":120,"y":0,"z":8,"type":"GRASS"},{"x":120,"y":0,"z":12,"type":"GRASS"},{"x":120,"y":0,"z":16,"type":"GRASS"},{"x":120,"y":0,"z":20,"type":"GRASS"},{"x":120,"y":0,"z":24,"type":"GRASS"},{"x":120,"y":0,"z":28,"type":"GRASS"},{"x":120,"y":0,"z":32,"type":"GRASS"},{"x":120,"y":0,"z":36,"type":"GRASS"},{"x":120,"y":0,"z":40,"type":"GRASS"},{"x":120,"y":0,"z":44,"type":"GRASS"},{"x":120,"y":0,"z":48,"type":"GRASS"},{"x":120,"y":0,"z":52,"type":"GRASS"},{"x":120,"y":0,"z":56,"type":"GRASS"},{"x":120,"y":0,"z":60,"type":"GRASS"},{"x":124,"y":4,"z":0,"type":"CONCRETE"},{"x":124,"y":0,"z":0,"type":"GRASS"},{"x":124,"y":4,"z":4,"type":"CONCRETE"},{"x":124,"y":0,"z":4,"type":"GRASS"},{"x":124,"y":4,"z":8,"type":"CONCRETE"},{"x":124,"y":0,"z":8,"type":"GRASS"},{"x":124,"y":4,"z":12,"type":"CONCRETE"},{"x":124,"y":0,"z":12,"type":"GRASS"},{"x":124,"y":4,"z":16,"type":"CONCRETE"},{"x":124,"y":0,"z":16,"type":"GRASS"},{"x":124,"y":4,"z":20,"type":"CONCRETE"},{"x":124,"y":0,"z":20,"type":"GRASS"},{"x":124,"y":4,"z":24,"type":"CONCRETE"},{"x":124,"y":0,"z":24,"type":"GRASS"},{"x":124,"y":4,"z":28,"type":"CONCRETE"},{"x":124,"y":0,"z":28,"type":"GRASS"},{"x":124,"y":4,"z":32,"type":"CONCRETE"},{"x":124,"y":0,"z":32,"type":"GRASS"},{"x":124,"y":4,"z":36,"type":"CONCRETE"},{"x":124,"y":0,"z":36,"type":"GRASS"},{"x":124,"y":4,"z":40,"type":"CONCRETE"},{"x":124,"y":0,"z":40,"type":"GRASS"},{"x":124,"y":4,"z":44,"type":"CONCRETE"},{"x":124,"y":0,"z":44,"type":"GRASS"},{"x":124,"y":4,"z":48,"type":"CONCRETE"},{"x":124,"y":0,"z":48,"type":"GRASS"},{"x":124,"y":4,"z":52,"type":"CONCRETE"},{"x":124,"y":0,"z":52,"type":"GRASS"},{"x":124,"y":4,"z":56,"type":"CONCRETE"},{"x":124,"y":0,"z":56,"type":"GRASS"},{"x":124,"y":4,"z":60,"type":"CONCRETE"},{"x":124,"y":0,"z":60,"type":"GRASS"}],"chunkX":1,"chunkY":0},{"blocks":[{"x":64,"y":0,"z":64,"type":"GRASS"},{"x":64,"y":4,"z":68,"type":"CONCRETE"},{"x":64,"y":0,"z":68,"type":"GRASS"},{"x":64,"y":4,"z":72,"type":"CONCRETE"},{"x":64,"y":0,"z":72,"type":"GRASS"},{"x":64,"y":0,"z":76,"type":"GRASS"},{"x":64,"y":0,"z":80,"type":"GRASS"},{"x":64,"y":0,"z":84,"type":"GRASS"},{"x":64,"y":4,"z":88,"type":"CONCRETE"},{"x":64,"y":0,"z":88,"type":"GRASS"},{"x":64,"y":0,"z":92,"type":"GRASS"},{"x":64,"y":0,"z":96,"type":"GRASS"},{"x":64,"y":0,"z":100,"type":"GRASS"},{"x":64,"y":4,"z":104,"type":"CONCRETE"},{"x":64,"y":0,"z":104,"type":"GRASS"},{"x":64,"y":4,"z":108,"type":"CONCRETE"},{"x":64,"y":0,"z":108,"type":"GRASS"},{"x":64,"y":0,"z":112,"type":"GRASS"},{"x":64,"y":0,"z":116,"type":"GRASS"},{"x":64,"y":0,"z":120,"type":"GRASS"},{"x":64,"y":4,"z":124,"type":"CONCRETE"},{"x":64,"y":0,"z":124,"type":"GRASS"},{"x":68,"y":4,"z":64,"type":"CONCRETE"},{"x":68,"y":0,"z":64,"type":"GRASS"},{"x":68,"y":0,"z":68,"type":"GRASS"},{"x":68,"y":0,"z":72,"type":"GRASS"},{"x":68,"y":0,"z":76,"type":"GRASS"},{"x":68,"y":0,"z":80,"type":"GRASS"},{"x":68,"y":0,"z":84,"type":"GRASS"},{"x":68,"y":0,"z":88,"type":"GRASS"},{"x":68,"y":0,"z":92,"type":"GRASS"},{"x":68,"y":0,"z":96,"type":"GRASS"},{"x":68,"y":0,"z":100,"type":"GRASS"},{"x":68,"y":4,"z":104,"type":"CONCRETE"},{"x":68,"y":0,"z":104,"type":"GRASS"},{"x":68,"y":0,"z":108,"type":"GRASS"},{"x":68,"y":0,"z":112,"type":"GRASS"},{"x":68,"y":0,"z":116,"type":"GRASS"},{"x":68,"y":0,"z":120,"type":"GRASS"},{"x":68,"y":4,"z":124,"type":"CONCRETE"},{"x":68,"y":0,"z":124,"type":"GRASS"},{"x":72,"y":0,"z":64,"type":"GRASS"},{"x":72,"y":0,"z":68,"type":"GRASS"},{"x":72,"y":0,"z":72,"type":"GRASS"},{"x":72,"y":0,"z":76,"type":"GRASS"},{"x":72,"y":4,"z":80,"type":"CONCRETE"},{"x":72,"y":0,"z":80,"type":"GRASS"},{"x":72,"y":0,"z":84,"type":"GRASS"},{"x":72,"y":0,"z":88,"type":"GRASS"},{"x":72,"y":4,"z":92,"type":"CONCRETE"},{"x":72,"y":0,"z":92,"type":"GRASS"},{"x":72,"y":0,"z":96,"type":"GRASS"},{"x":72,"y":0,"z":100,"type":"GRASS"},{"x":72,"y":4,"z":104,"type":"CONCRETE"},{"x":72,"y":0,"z":104,"type":"GRASS"},{"x":72,"y":0,"z":108,"type":"GRASS"},{"x":72,"y":0,"z":112,"type":"GRASS"},{"x":72,"y":0,"z":116,"type":"GRASS"},{"x":72,"y":0,"z":120,"type":"GRASS"},{"x":72,"y":4,"z":124,"type":"CONCRETE"},{"x":72,"y":0,"z":124,"type":"GRASS"},{"x":76,"y":0,"z":64,"type":"GRASS"},{"x":76,"y":0,"z":68,"type":"GRASS"},{"x":76,"y":0,"z":72,"type":"GRASS"},{"x":76,"y":4,"z":76,"type":"CONCRETE"},{"x":76,"y":0,"z":76,"type":"GRASS"},{"x":76,"y":4,"z":80,"type":"CONCRETE"},{"x":76,"y":0,"z":80,"type":"GRASS"},{"x":76,"y":0,"z":84,"type":"GRASS"},{"x":76,"y":0,"z":88,"type":"GRASS"},{"x":76,"y":0,"z":92,"type":"GRASS"},{"x":76,"y":4,"z":96,"type":"CONCRETE"},{"x":76,"y":0,"z":96,"type":"GRASS"},{"x":76,"y":4,"z":100,"type":"CONCRETE"},{"x":76,"y":0,"z":100,"type":"GRASS"},{"x":76,"y":0,"z":104,"type":"GRASS"},{"x":76,"y":0,"z":108,"type":"GRASS"},{"x":76,"y":0,"z":112,"type":"GRASS"},{"x":76,"y":0,"z":116,"type":"GRASS"},{"x":76,"y":0,"z":120,"type":"GRASS"},{"x":76,"y":4,"z":124,"type":"CONCRETE"},{"x":76,"y":0,"z":124,"type":"GRASS"},{"x":80,"y":4,"z":64,"type":"CONCRETE"},{"x":80,"y":0,"z":64,"type":"GRASS"},{"x":80,"y":4,"z":68,"type":"CONCRETE"},{"x":80,"y":0,"z":68,"type":"GRASS"},{"x":80,"y":4,"z":72,"type":"CONCRETE"},{"x":80,"y":0,"z":72,"type":"GRASS"},{"x":80,"y":0,"z":76,"type":"GRASS"},{"x":80,"y":4,"z":80,"type":"CONCRETE"},{"x":80,"y":0,"z":80,"type":"GRASS"},{"x":80,"y":0,"z":84,"type":"GRASS"},{"x":80,"y":0,"z":88,"type":"GRASS"},{"x":80,"y":0,"z":92,"type":"GRASS"},{"x":80,"y":0,"z":96,"type":"GRASS"},{"x":80,"y":0,"z":100,"type":"GRASS"},{"x":80,"y":4,"z":104,"type":"CONCRETE"},{"x":80,"y":0,"z":104,"type":"GRASS"},{"x":80,"y":4,"z":108,"type":"CONCRETE"},{"x":80,"y":0,"z":108,"type":"GRASS"},{"x":80,"y":4,"z":112,"type":"CONCRETE"},{"x":80,"y":0,"z":112,"type":"GRASS"},{"x":80,"y":0,"z":116,"type":"GRASS"},{"x":80,"y":0,"z":120,"type":"GRASS"},{"x":80,"y":4,"z":124,"type":"CONCRETE"},{"x":80,"y":0,"z":124,"type":"GRASS"},{"x":84,"y":0,"z":64,"type":"GRASS"},{"x":84,"y":0,"z":68,"type":"GRASS"},{"x":84,"y":0,"z":72,"type":"GRASS"},{"x":84,"y":4,"z":76,"type":"CONCRETE"},{"x":84,"y":0,"z":76,"type":"GRASS"},{"x":84,"y":0,"z":80,"type":"GRASS"},{"x":84,"y":0,"z":84,"type":"GRASS"},{"x":84,"y":0,"z":88,"type":"GRASS"},{"x":84,"y":0,"z":92,"type":"GRASS"},{"x":84,"y":0,"z":96,"type":"GRASS"},{"x":84,"y":0,"z":100,"type":"GRASS"},{"x":84,"y":0,"z":104,"type":"GRASS"},{"x":84,"y":0,"z":108,"type":"GRASS"},{"x":84,"y":0,"z":112,"type":"GRASS"},{"x":84,"y":4,"z":116,"type":"CONCRETE"},{"x":84,"y":0,"z":116,"type":"GRASS"},{"x":84,"y":4,"z":120,"type":"CONCRETE"},{"x":84,"y":0,"z":120,"type":"GRASS"},{"x":84,"y":4,"z":124,"type":"CONCRETE"},{"x":84,"y":0,"z":124,"type":"GRASS"},{"x":88,"y":0,"z":64,"type":"GRASS"},{"x":88,"y":0,"z":68,"type":"GRASS"},{"x":88,"y":4,"z":72,"type":"CONCRETE"},{"x":88,"y":0,"z":72,"type":"GRASS"},{"x":88,"y":4,"z":76,"type":"CONCRETE"},{"x":88,"y":0,"z":76,"type":"GRASS"},{"x":88,"y":0,"z":80,"type":"GRASS"},{"x":88,"y":0,"z":84,"type":"GRASS"},{"x":88,"y":0,"z":88,"type":"GRASS"},{"x":88,"y":4,"z":92,"type":"CONCRETE"},{"x":88,"y":0,"z":92,"type":"GRASS"},{"x":88,"y":0,"z":96,"type":"GRASS"},{"x":88,"y":0,"z":100,"type":"GRASS"},{"x":88,"y":0,"z":104,"type":"GRASS"},{"x":88,"y":0,"z":108,"type":"GRASS"},{"x":88,"y":0,"z":112,"type":"GRASS"},{"x":88,"y":0,"z":116,"type":"GRASS"},{"x":88,"y":0,"z":120,"type":"GRASS"},{"x":88,"y":4,"z":124,"type":"CONCRETE"},{"x":88,"y":0,"z":124,"type":"GRASS"},{"x":92,"y":0,"z":64,"type":"GRASS"},{"x":92,"y":4,"z":68,"type":"CONCRETE"},{"x":92,"y":0,"z":68,"type":"GRASS"},{"x":92,"y":0,"z":72,"type":"GRASS"},{"x":92,"y":0,"z":76,"type":"GRASS"},{"x":92,"y":0,"z":80,"type":"GRASS"},{"x":92,"y":0,"z":84,"type":"GRASS"},{"x":92,"y":0,"z":88,"type":"GRASS"},{"x":92,"y":0,"z":92,"type":"GRASS"},{"x":92,"y":0,"z":96,"type":"GRASS"},{"x":92,"y":0,"z":100,"type":"GRASS"},{"x":92,"y":0,"z":104,"type":"GRASS"},{"x":92,"y":0,"z":108,"type":"GRASS"},{"x":92,"y":0,"z":112,"type":"GRASS"},{"x":92,"y":0,"z":116,"type":"GRASS"},{"x":92,"y":0,"z":120,"type":"GRASS"},{"x":92,"y":4,"z":124,"type":"CONCRETE"},{"x":92,"y":0,"z":124,"type":"GRASS"},{"x":96,"y":0,"z":64,"type":"GRASS"},{"x":96,"y":0,"z":68,"type":"GRASS"},{"x":96,"y":4,"z":72,"type":"CONCRETE"},{"x":96,"y":0,"z":72,"type":"GRASS"},{"x":96,"y":0,"z":76,"type":"GRASS"},{"x":96,"y":0,"z":80,"type":"GRASS"},{"x":96,"y":0,"z":84,"type":"GRASS"},{"x":96,"y":4,"z":88,"type":"CONCRETE"},{"x":96,"y":0,"z":88,"type":"GRASS"},{"x":96,"y":0,"z":92,"type":"GRASS"},{"x":96,"y":0,"z":96,"type":"GRASS"},{"x":96,"y":0,"z":100,"type":"GRASS"},{"x":96,"y":0,"z":104,"type":"GRASS"},{"x":96,"y":0,"z":108,"type":"GRASS"},{"x":96,"y":0,"z":112,"type":"GRASS"},{"x":96,"y":0,"z":116,"type":"GRASS"},{"x":96,"y":0,"z":120,"type":"GRASS"},{"x":96,"y":4,"z":124,"type":"CONCRETE"},{"x":96,"y":0,"z":124,"type":"GRASS"},{"x":100,"y":0,"z":64,"type":"GRASS"},{"x":100,"y":0,"z":68,"type":"GRASS"},{"x":100,"y":0,"z":72,"type":"GRASS"},{"x":100,"y":4,"z":76,"type":"CONCRETE"},{"x":100,"y":0,"z":76,"type":"GRASS"},{"x":100,"y":4,"z":80,"type":"CONCRETE"},{"x":100,"y":0,"z":80,"type":"GRASS"},{"x":100,"y":4,"z":84,"type":"CONCRETE"},{"x":100,"y":0,"z":84,"type":"GRASS"},{"x":100,"y":0,"z":88,"type":"GRASS"},{"x":100,"y":0,"z":92,"type":"GRASS"},{"x":100,"y":0,"z":96,"type":"GRASS"},{"x":100,"y":0,"z":100,"type":"GRASS"},{"x":100,"y":0,"z":104,"type":"GRASS"},{"x":100,"y":0,"z":108,"type":"GRASS"},{"x":100,"y":0,"z":112,"type":"GRASS"},{"x":100,"y":0,"z":116,"type":"GRASS"},{"x":100,"y":4,"z":120,"type":"CONCRETE"},{"x":100,"y":0,"z":120,"type":"GRASS"},{"x":100,"y":4,"z":124,"type":"CONCRETE"},{"x":100,"y":0,"z":124,"type":"GRASS"},{"x":104,"y":0,"z":64,"type":"GRASS"},{"x":104,"y":0,"z":68,"type":"GRASS"},{"x":104,"y":0,"z":72,"type":"GRASS"},{"x":104,"y":0,"z":76,"type":"GRASS"},{"x":104,"y":0,"z":80,"type":"GRASS"},{"x":104,"y":4,"z":84,"type":"CONCRETE"},{"x":104,"y":0,"z":84,"type":"GRASS"},{"x":104,"y":0,"z":88,"type":"GRASS"},{"x":104,"y":4,"z":92,"type":"CONCRETE"},{"x":104,"y":0,"z":92,"type":"GRASS"},{"x":104,"y":0,"z":96,"type":"GRASS"},{"x":104,"y":0,"z":100,"type":"GRASS"},{"x":104,"y":0,"z":104,"type":"GRASS"},{"x":104,"y":4,"z":108,"type":"CONCRETE"},{"x":104,"y":0,"z":108,"type":"GRASS"},{"x":104,"y":4,"z":112,"type":"CONCRETE"},{"x":104,"y":0,"z":112,"type":"GRASS"},{"x":104,"y":0,"z":116,"type":"GRASS"},{"x":104,"y":0,"z":120,"type":"GRASS"},{"x":104,"y":4,"z":124,"type":"CONCRETE"},{"x":104,"y":0,"z":124,"type":"GRASS"},{"x":108,"y":0,"z":64,"type":"GRASS"},{"x":108,"y":0,"z":68,"type":"GRASS"},{"x":108,"y":0,"z":72,"type":"GRASS"},{"x":108,"y":0,"z":76,"type":"GRASS"},{"x":108,"y":0,"z":80,"type":"GRASS"},{"x":108,"y":4,"z":84,"type":"CONCRETE"},{"x":108,"y":0,"z":84,"type":"GRASS"},{"x":108,"y":0,"z":88,"type":"GRASS"},{"x":108,"y":0,"z":92,"type":"GRASS"},{"x":108,"y":0,"z":96,"type":"GRASS"},{"x":108,"y":0,"z":100,"type":"GRASS"},{"x":108,"y":0,"z":104,"type":"GRASS"},{"x":108,"y":4,"z":108,"type":"CONCRETE"},{"x":108,"y":0,"z":108,"type":"GRASS"},{"x":108,"y":0,"z":112,"type":"GRASS"},{"x":108,"y":4,"z":116,"type":"CONCRETE"},{"x":108,"y":0,"z":116,"type":"GRASS"},{"x":108,"y":0,"z":120,"type":"GRASS"},{"x":108,"y":4,"z":124,"type":"CONCRETE"},{"x":108,"y":0,"z":124,"type":"GRASS"},{"x":112,"y":0,"z":64,"type":"GRASS"},{"x":112,"y":0,"z":68,"type":"GRASS"},{"x":112,"y":0,"z":72,"type":"GRASS"},{"x":112,"y":0,"z":76,"type":"GRASS"},{"x":112,"y":0,"z":80,"type":"GRASS"},{"x":112,"y":0,"z":84,"type":"GRASS"},{"x":112,"y":4,"z":88,"type":"CONCRETE"},{"x":112,"y":0,"z":88,"type":"GRASS"},{"x":112,"y":4,"z":92,"type":"CONCRETE"},{"x":112,"y":0,"z":92,"type":"GRASS"},{"x":112,"y":4,"z":96,"type":"CONCRETE"},{"x":112,"y":0,"z":96,"type":"GRASS"},{"x":112,"y":0,"z":100,"type":"GRASS"},{"x":112,"y":0,"z":104,"type":"GRASS"},{"x":112,"y":0,"z":108,"type":"GRASS"},{"x":112,"y":4,"z":112,"type":"CONCRETE"},{"x":112,"y":0,"z":112,"type":"GRASS"},{"x":112,"y":4,"z":116,"type":"CONCRETE"},{"x":112,"y":0,"z":116,"type":"GRASS"},{"x":112,"y":0,"z":120,"type":"GRASS"},{"x":112,"y":4,"z":124,"type":"CONCRETE"},{"x":112,"y":0,"z":124,"type":"GRASS"},{"x":116,"y":0,"z":64,"type":"GRASS"},{"x":116,"y":0,"z":68,"type":"GRASS"},{"x":116,"y":0,"z":72,"type":"GRASS"},{"x":116,"y":0,"z":76,"type":"GRASS"},{"x":116,"y":0,"z":80,"type":"GRASS"},{"x":116,"y":0,"z":84,"type":"GRASS"},{"x":116,"y":0,"z":88,"type":"GRASS"},{"x":116,"y":0,"z":92,"type":"GRASS"},{"x":116,"y":4,"z":96,"type":"CONCRETE"},{"x":116,"y":0,"z":96,"type":"GRASS"},{"x":116,"y":0,"z":100,"type":"GRASS"},{"x":116,"y":4,"z":104,"type":"CONCRETE"},{"x":116,"y":0,"z":104,"type":"GRASS"},{"x":116,"y":4,"z":108,"type":"CONCRETE"},{"x":116,"y":0,"z":108,"type":"GRASS"},{"x":116,"y":0,"z":112,"type":"GRASS"},{"x":116,"y":4,"z":116,"type":"CONCRETE"},{"x":116,"y":0,"z":116,"type":"GRASS"},{"x":116,"y":0,"z":120,"type":"GRASS"},{"x":116,"y":4,"z":124,"type":"CONCRETE"},{"x":116,"y":0,"z":124,"type":"GRASS"},{"x":120,"y":0,"z":64,"type":"GRASS"},{"x":120,"y":0,"z":68,"type":"GRASS"},{"x":120,"y":0,"z":72,"type":"GRASS"},{"x":120,"y":0,"z":76,"type":"GRASS"},{"x":120,"y":0,"z":80,"type":"GRASS"},{"x":120,"y":0,"z":84,"type":"GRASS"},{"x":120,"y":0,"z":88,"type":"GRASS"},{"x":120,"y":0,"z":92,"type":"GRASS"},{"x":120,"y":0,"z":96,"type":"GRASS"},{"x":120,"y":4,"z":100,"type":"CONCRETE"},{"x":120,"y":0,"z":100,"type":"GRASS"},{"x":120,"y":0,"z":104,"type":"GRASS"},{"x":120,"y":0,"z":108,"type":"GRASS"},{"x":120,"y":0,"z":112,"type":"GRASS"},{"x":120,"y":0,"z":116,"type":"GRASS"},{"x":120,"y":4,"z":120,"type":"CONCRETE"},{"x":120,"y":0,"z":120,"type":"GRASS"},{"x":120,"y":4,"z":124,"type":"CONCRETE"},{"x":120,"y":0,"z":124,"type":"GRASS"},{"x":124,"y":4,"z":64,"type":"CONCRETE"},{"x":124,"y":0,"z":64,"type":"GRASS"},{"x":124,"y":4,"z":68,"type":"CONCRETE"},{"x":124,"y":0,"z":68,"type":"GRASS"},{"x":124,"y":4,"z":72,"type":"CONCRETE"},{"x":124,"y":0,"z":72,"type":"GRASS"},{"x":124,"y":4,"z":76,"type":"CONCRETE"},{"x":124,"y":0,"z":76,"type":"GRASS"},{"x":124,"y":4,"z":80,"type":"CONCRETE"},{"x":124,"y":0,"z":80,"type":"GRASS"},{"x":124,"y":4,"z":84,"type":"CONCRETE"},{"x":124,"y":0,"z":84,"type":"GRASS"},{"x":124,"y":4,"z":88,"type":"CONCRETE"},{"x":124,"y":0,"z":88,"type":"GRASS"},{"x":124,"y":4,"z":92,"type":"CONCRETE"},{"x":124,"y":0,"z":92,"type":"GRASS"},{"x":124,"y":4,"z":96,"type":"CONCRETE"},{"x":124,"y":0,"z":96,"type":"GRASS"},{"x":124,"y":4,"z":100,"type":"CONCRETE"},{"x":124,"y":0,"z":100,"type":"GRASS"},{"x":124,"y":4,"z":104,"type":"CONCRETE"},{"x":124,"y":0,"z":104,"type":"GRASS"},{"x":124,"y":4,"z":108,"type":"CONCRETE"},{"x":124,"y":0,"z":108,"type":"GRASS"},{"x":124,"y":4,"z":112,"type":"CONCRETE"},{"x":124,"y":0,"z":112,"type":"GRASS"},{"x":124,"y":4,"z":116,"type":"CONCRETE"},{"x":124,"y":0,"z":116,"type":"GRASS"},{"x":124,"y":4,"z":120,"type":"CONCRETE"},{"x":124,"y":0,"z":120,"type":"GRASS"},{"x":124,"y":4,"z":124,"type":"CONCRETE"},{"x":124,"y":0,"z":124,"type":"GRASS"}],"chunkX":1,"chunkY":1}]}